{"loss": 0.025015779590926223, "acc": 0.9954399976730347}